0.6350799999199808, 0.36530600022524595, 0.28202700009569526, 167936, 0, 0
0.4259600001387298, 0.3107030000537634, 0.26306500006467104, 0, 0, 0
0.333663999568671, 0.2836160003207624, 0.31305200001224875, 0, 0, 0
0.34602800011634827, 0.2940059998072684, 0.26298000011593103, 0, 0, 0
0.4082510001026094, 0.3137659998610616, 0.2751710000447929, 0, 0, 0
0.3520219996571541, 0.2853190000168979, 0.25612600008025765, 0, 0, 0
0.3402549996972084, 0.29009700007736683, 0.26444200007244945, 0, 0, 0
0.3347000000067055, 0.28233900014311075, 0.2553769997321069, 0, 0, 0
0.33687799982726574, 0.2941600000485778, 0.2591049997135997, 0, 0, 0
0.3462310000322759, 0.3158269999548793, 0.4903139998205006, 0, 0, 0
0.6283800001256168, 0.5174219999462366, 0.44444999983534217, 0, 0, 0
0.5850770003162324, 0.5060029998421669, 0.45528799993917346, 0, 270336, 0
0.5660149999894202, 0.5160639998503029, 0.4390290002338588, 0, 0, 0
0.6158130001276731, 0.5043609999120235, 0.4710630001500249, 0, 0, 0
0.5946669997647405, 0.5158279999159276, 0.4495089999400079, 0, 0, 0
0.6115500000305474, 0.4794689998961985, 0.28220400027930737, 0, 0, 0
0.3561439998447895, 0.3164400001987815, 0.2778059998527169, 0, 0, 0
0.3498949999921024, 0.3148380001075566, 0.2570059997960925, 0, 0, 0
0.337485000025481, 0.31055800011381507, 0.2551020001992583, 0, 0, 0
0.35764400009065866, 0.28461100021377206, 0.2559689995832741, 0, 0, 0
0.3374439999461174, 0.2923979996703565, 0.2852540002204478, 0, 0, 0
0.35792999994009733, 0.3329389998689294, 0.31994300009682775, 0, 0, 270336
0.37516399985179305, 0.30079999985173345, 0.2592549999244511, 0, 0, 0
0.34463900001719594, 0.2936649997718632, 0.265729000326246, 0, 0, 0
0.3436210001818836, 0.3264469997957349, 0.2799700000323355, 0, 0, 0
0.3442199998535216, 0.32122999988496304, 0.3646550001576543, 0, 0, 0
0.34376499988138676, 0.29586700024083257, 0.2616829997859895, 0, 0, 0
0.3427490000613034, 0.29343899991363287, 0.2581389998085797, 0, 0, 0
0.35492199985310435, 0.30457499995827675, 0.26137600000947714, 0, 0, 0
0.35751100024208426, 0.29559599980711937, 0.2624860000796616, 0, 0, 270336
0.3417459996417165, 0.29383999994024634, 0.25949500035494566, 0, 0, 0
0.3429310000501573, 0.28769000014290214, 0.24295299965888262, 0, 0, 0
0.31245500035583973, 0.27106499997898936, 0.24021600000560284, 0, 0, 0
0.3118760003708303, 0.36209499975666404, 0.2488390002399683, 0, 0, 0
0.31202800013124943, 0.27037200005725026, 0.2372159999795258, 0, 0, 0
0.31298699975013733, 0.2687110002152622, 0.23760200012475252, 0, 0, 0
0.31342800008133054, 0.26938699977472425, 0.23947300016880035, 0, 0, 0
0.31631300039589405, 0.27194999996572733, 0.24026399990543723, 0, 0, 0
0.34047399973496795, 0.26852399995550513, 0.2387030003592372, 270336, 0, 0
0.3117499998770654, 0.2777229999192059, 0.23968099988996983, 0, 0, 0
0.32261899998411536, 0.27005500020459294, 0.23947499971836805, 0, 0, 0
0.3181870002299547, 0.28478100011125207, 0.24796399986371398, 0, 0, 0
0.3335840003564954, 0.2964049996808171, 0.2577949999831617, 0, 0, 0
0.32526399986818433, 0.28878500033169985, 0.263673999812454, 0, 0, 0
0.3137030000798404, 0.28239799989387393, 0.25688999984413385, 0, 0, 0
0.3687999998219311, 0.28345200000330806, 0.2611740003339946, 0, 0, 0
0.33226600009948015, 0.2821800000965595, 0.2673229998908937, 0, 0, 270336
0.4192479997873306, 0.315849999897182, 0.26355900010094047, 0, 0, 0
0.33134299982339144, 0.2831430002115667, 0.2748289997689426, 0, 0, 0
0.3321659998036921, 0.28790400037541986, 0.25709199998527765, 0, 0, 0
0.33257800014689565, 0.31150100007653236, 0.25431099999696016, 0, 0, 0
0.3336139996536076, 0.289814000017941, 0.2576439999975264, 0, 0, 0
0.33635100023820996, 0.2818840001709759, 0.25393899995833635, 0, 0, 0
0.33262799959629774, 0.2817750000394881, 0.2569630001671612, 0, 0, 0
0.33644700003787875, 0.298808999825269, 0.31716400012373924, 0, 0, 0
0.9939449997618794, 0.29631400015205145, 0.25865099998191, 540672, 0, 0
0.3322419999167323, 0.28175800014287233, 0.252921000123024, 0, 0, 0
0.3308930001221597, 0.28268799977377057, 0.25532700028270483, 0, 0, 0
0.3308989997021854, 0.2820899998769164, 0.25304900016635656, 0, 0, 0
0.33258699998259544, 0.2909039999358356, 0.2595029999502003, 0, 0, 0
0.33203599974513054, 0.28485399996861815, 0.25391600001603365, 0, 0, 0
0.33122899988666177, 0.2830219999887049, 0.25222499994561076, 0, 0, 0
0.3307979996316135, 0.2822940000332892, 0.25395700009539723, 0, 0, 0
0.3295020000077784, 0.2981409998610616, 0.25350100034847856, 0, 0, 0
0.3560449997894466, 0.2854329999536276, 0.25592399993911386, 0, 0, 0
0.3478459999896586, 0.28393399994820356, 0.2548779998905957, 0, 0, 0
0.32991599990054965, 0.2898990004323423, 0.2569779995828867, 0, 0, 0
0.330424000043422, 0.28412199998274446, 0.25264000007882714, 0, 270336, 0
0.3319850000552833, 0.28870399994775653, 0.25900400010868907, 0, 0, 0
0.32931699976325035, 0.2842040001414716, 0.2527700001373887, 0, 0, 0
0.3307139999233186, 0.28174900030717254, 0.2553119999356568, 0, 0, 0
0.3306219996884465, 0.283290000166744, 0.25262599997222424, 0, 0, 0
0.33705299999564886, 0.2825400000438094, 0.25529100000858307, 0, 0, 0
0.3375769997946918, 0.28412900026887655, 0.2547039999626577, 0, 0, 0
0.3329330002889037, 0.28136299969628453, 0.2546200002543628, 0, 0, 0
0.33225500024855137, 0.28158399974927306, 0.2539030001498759, 0, 0, 0
0.33952599996700883, 0.28108099987730384, 0.2571339998394251, 0, 0, 270336
0.33145399997010827, 0.2914370000362396, 0.2560680001042783, 0, 0, 0
0.331218000035733, 0.28230699989944696, 0.2534079998731613, 0, 0, 0
0.3299560002051294, 0.29029899975284934, 0.25286800041794777, 0, 0, 0
0.3303530002012849, 0.28265599999576807, 0.25409899977967143, 0, 0, 0
0.3325980002991855, 0.28275899961590767, 0.2534529999829829, 0, 0, 0
0.4013709998689592, 0.28551900014281273, 0.2583409999497235, 0, 0, 0
0.33525800006464124, 0.2838429999537766, 0.2533140000887215, 0, 0, 0
0.33027599984779954, 0.2939740000292659, 0.2534150001592934, 0, 0, 0
0.34187399968504906, 0.28541600005701184, 0.2541470001451671, 0, 270336, 0
0.35457800002768636, 0.32057700026780367, 0.26454099966213107, 0, 0, 0
0.35402699979022145, 0.29553999984636903, 0.27154700038954616, 0, 0, 0
0.32909499993547797, 0.30827700020745397, 0.2564570000395179, 0, 0, 0
0.3487779996357858, 0.30523800011724234, 0.25598100014030933, 0, 0, 0
0.3426479999907315, 0.3561209999024868, 0.2655989998020232, 0, 0, 0
0.3408129997551441, 0.2854270003736019, 0.2536809998564422, 0, 0, 0
0.33539099991321564, 0.30332500021904707, 0.2624880000948906, 0, 0, 0
0.3406410003080964, 0.29727299977093935, 0.26545599987730384, 0, 0, 0
0.3418519999831915, 0.29099499993026257, 0.26743000000715256, 0, 0, 0
0.3436989998444915, 0.29786999989300966, 0.26031799986958504, 0, 0, 0
0.3420400000177324, 0.29645799985155463, 0.2626350000500679, 0, 0, 0
0.3865009997971356, 0.29893200006335974, 0.2961039999499917, 0, 0, 0
0.39303599996492267, 0.2979280003346503, 0.2598949996754527, 0, 0, 0
0.3705090000294149, 0.2979029999114573, 0.26634000008925796, 0, 0, 0
0.3408980001695454, 0.2953689997084439, 0.2608380001038313, 0, 0, 0
0.3550080000422895, 0.29616199992597103, 0.2593720001168549, 0, 0, 0
0.36385300010442734, 0.2932980000041425, 0.3271340001374483, 0, 0, 0
0.3504139999859035, 0.2923590000718832, 0.25872100004926324, 0, 0, 0
0.33852099999785423, 0.29254599986597896, 0.261143000330776, 0, 0, 0
0.3404390001669526, 0.3219840000383556, 0.2603190001100302, 0, 0, 0
0.34108199970796704, 0.29227300034835935, 0.2569329999387264, 0, 0, 0
0.35510300006717443, 0.2939929999411106, 0.2599479998461902, 0, 0, 0
0.3417240004055202, 0.2929259999655187, 0.25870999973267317, 0, 0, 0
0.33963900012895465, 0.2920289998874068, 0.25749999983236194, 0, 0, 0
0.33883999986574054, 0.29199100006371737, 0.2557669999077916, 0, 0, 0
0.3392460001632571, 0.3465129998512566, 0.25891599990427494, 0, 0, 0
0.34180100029334426, 0.29480799986049533, 0.2568129999563098, 0, 0, 0
0.34125200007110834, 0.290353000164032, 0.25802999967709184, 0, 0, 0
0.3402619999833405, 0.2910009999759495, 0.25937500037252903, 0, 0, 0
0.3419549996033311, 0.29034100007265806, 0.26547900028526783, 0, 0, 0
0.3430959996767342, 0.29599500028416514, 0.2640479998663068, 0, 0, 0
0.34280600026249886, 0.29324099980294704, 0.25963000021874905, 0, 0, 0
0.34233499970287085, 0.2947390000335872, 0.2573200003243983, 0, 0, 0
0.3404359999112785, 0.2948400001041591, 0.2578670000657439, 0, 0, 0
0.3800370004028082, 0.29768399987369776, 0.3363029998727143, 0, 0, 0
0.3377829999662936, 0.293335999827832, 0.2615400003269315, 0, 0, 0
0.33904900029301643, 0.29512799996882677, 0.2573659997433424, 0, 0, 0
0.3420450002886355, 0.29298599995672703, 0.25780100002884865, 0, 0, 0
0.35114899976179004, 0.2945050001144409, 0.259269000031054, 0, 0, 0
0.33975200029090047, 0.3161099995486438, 0.2619450003840029, 0, 0, 0
0.3399700000882149, 0.2950490000657737, 0.25713999988511205, 0, 270336, 0
0.34104999992996454, 0.30005700001493096, 0.2740509998984635, 0, 0, 0
0.3388459999114275, 0.31401999993249774, 0.2659089998342097, 0, 0, 0
0.34165299963206053, 0.29473700001835823, 0.2570839999243617, 0, 0, 0
0.3393159997649491, 0.29297800036147237, 0.26123199984431267, 0, 0, 0
0.3395160003565252, 0.2963489997200668, 0.2564509999938309, 0, 0, 0
0.34082300029695034, 0.29075999977067113, 0.2581740003079176, 0, 0, 0
0.343236000277102, 0.29326399974524975, 0.25829900009557605, 0, 0, 0
0.3406320000067353, 0.2906880001537502, 0.25830299966037273, 0, 0, 0
0.34269799990579486, 0.29481300013139844, 0.25985300028696656, 0, 0, 0
0.34236299991607666, 0.29370900010690093, 0.2594590000808239, 0, 0, 0
0.35946599999442697, 0.29181600036099553, 0.25893200002610683, 0, 0, 0
0.3379970001988113, 0.2922419998794794, 0.2602210002951324, 0, 0, 0
0.3428070000372827, 0.2938069999217987, 0.26935299998149276, 0, 0, 0
0.34287200029939413, 0.29215799970552325, 0.2585430000908673, 0, 0, 0
0.3396049998700619, 0.34007700020447373, 0.26052899984642863, 0, 0, 0
0.3402760000899434, 0.2953530000522733, 0.2579169999808073, 0, 0, 0
0.34060700004920363, 0.2935870001092553, 0.2578499997034669, 0, 0, 0
0.34454600000754, 0.29339700005948544, 0.256610999815166, 0, 0, 0
0.3406269997358322, 0.30870300019159913, 0.27696700021624565, 0, 0, 0
0.34549800027161837, 0.29490499990060925, 0.25720199989154935, 0, 0, 0
0.3420040002092719, 0.29460899997502565, 0.2606770000420511, 0, 0, 270336
0.3398879999294877, 0.29121899977326393, 0.256636000238359, 0, 0, 0
0.3401610003784299, 0.2882929998449981, 0.25662200013175607, 0, 0, 0
0.3916279999539256, 0.9018270000815392, 0.26789300004020333, 0, 0, 0
0.3446180000901222, 0.29512299969792366, 0.258394000120461, 0, 0, 0
0.3402829999104142, 0.291060000192374, 0.25764899980276823, 0, 0, 0
0.3388419998809695, 0.29074699990451336, 0.2740790001116693, 0, 0, 0
0.3418679996393621, 0.2921620002016425, 0.26095400005578995, 0, 0, 0
0.33534800028428435, 0.2951929997652769, 0.25631400011479855, 0, 0, 0
0.3392960000783205, 0.29118099994957447, 0.2573890001513064, 0, 0, 0
0.3391450000926852, 0.2895619999617338, 0.25869600009173155, 0, 0, 0
0.3759570000693202, 0.2935239998623729, 0.3071329998783767, 0, 0, 270336
0.36841299990192056, 0.2966070002876222, 0.25708899972960353, 0, 0, 0
0.3402599999681115, 0.2943950002081692, 0.25725700007751584, 0, 0, 0
0.33661899995058775, 0.29355099983513355, 0.2561639999039471, 0, 0, 0
0.34064000006765127, 0.30181000009179115, 0.2604869999922812, 0, 0, 0
0.3390760002657771, 0.2930109999142587, 0.260406999848783, 0, 0, 0
0.3377260002307594, 0.292363999877125, 0.2570699998177588, 0, 0, 0
0.3395969998091459, 0.29095800034701824, 0.25693599972873926, 0, 0, 0
0.3553230003453791, 0.2952129999175668, 0.2975679999217391, 0, 0, 0
0.3419759999960661, 0.2911539999768138, 0.26167500019073486, 0, 0, 0
0.34265200002118945, 0.29601099994033575, 0.2621780000627041, 0, 0, 0
0.33628599997609854, 0.29271599976345897, 0.25933600030839443, 0, 0, 0
0.3422719999216497, 0.2924259998835623, 0.2564420001581311, 0, 0, 0
0.3709629997611046, 0.29536799993366003, 0.26314300019294024, 0, 0, 0
0.33800699980929494, 0.3027659999206662, 0.25908099999651313, 0, 0, 0
0.3402639999985695, 0.2922029998153448, 0.25562299974262714, 0, 0, 0
0.3400350003503263, 0.2888299999758601, 0.29706899961456656, 0, 0, 0
0.3398899999447167, 0.2981879999861121, 0.26240399992093444, 0, 0, 266240
0.37475600000470877, 0.29805599991232157, 0.2800940000452101, -4096, 0, 0
0.3371510002762079, 0.29109600000083447, 0.25672899978235364, 0, 0, 0
0.33780300011858344, 0.2925350000150502, 0.2568550002761185, 0, 0, 0
0.3376299999654293, 0.2971050003543496, 0.26291799964383245, 0, 0, 0
0.3427769998088479, 0.29371399991214275, 0.2613320001401007, 0, 0, 0
0.347374000120908, 0.2917509996332228, 0.2590550002641976, 0, 0, 0
0.3460080004297197, 0.2903329995460808, 0.257768000010401, 0, 0, 0
0.3393850000575185, 0.29174500005319715, 0.2574610002338886, 0, 0, 0
0.352659999858588, 0.2934310003183782, 0.2588619999587536, 0, 0, 0
0.3414650000631809, 0.29470499977469444, 0.2586010000668466, 0, 0, 0
0.35571399983018637, 0.291682000271976, 0.2578479996882379, 0, 0, 0
0.33950399979949, 0.2912209997884929, 0.256292000412941, 0, 0, 0
0.33976300014182925, 0.3294330001808703, 0.26062999991700053, 0, 0, 0
0.34061900014057755, 0.2938740001991391, 0.25707399984821677, 0, 0, 0
0.3408950003795326, 0.29373199958354235, 0.25751500017941, 0, 0, 0
0.33607299998402596, 0.2932420000433922, 0.25762399984523654, 0, 0, 0
0.33979699993506074, 0.2916450002230704, 0.2643689997494221, 0, 0, 0
0.3443689998239279, 0.29692400014027953, 0.2602510000579059, 0, 0, 0
0.3421549997292459, 0.2935319999232888, 0.2587310001254082, 0, 0, 0
0.34071099990978837, 0.29579100012779236, 0.25821399968117476, 0, 0, 0
0.3409429998137057, 0.293072999920696, 0.283464000094682, 0, 0, 0
0.3534769997932017, 0.3238360001705587, 0.26027300022542477, 0, 0, 0
0.3387449998408556, 0.29266500007361174, 0.2556520001962781, 0, 0, 0
0.3384719998575747, 0.28868799982592463, 0.25407000025734305, 0, 0, 0
0.33731399988755584, 0.2885730001144111, 0.2542429999448359, 0, 0, 0
0.33714900026097894, 0.33251400012522936, 0.9074659999459982, 0, 0, 491520
0.3485440001823008, 0.30575500009581447, 0.2750949999317527, 0, 0, 0
0.34176799980923533, 0.29096300015226007, 0.25526499981060624, 0, 0, 0
0.3400530000217259, 0.2895800000987947, 0.2548879999667406, 0, 0, 0
0.3453360004350543, 0.2929029995575547, 0.255670000333339, 0, 0, 0
0.3504350003786385, 0.2933709998615086, 0.25600400008261204, 0, 0, 0
0.3380719996057451, 0.2897520000115037, 0.25262399995699525, 0, 0, 0
0.33879199996590614, 0.28875500010326505, 0.2550479997880757, 0, 0, 0
0.3397360001690686, 0.3001560000702739, 0.2578659998252988, 0, 0, 0
0.338194000069052, 0.29160299990326166, 0.2562119998037815, 0, 0, 0
0.33525800006464124, 0.2884409995749593, 0.2527840002439916, 0, 0, 0
0.34142900025472045, 0.29247899958863854, 0.2585210003890097, 0, 0, 0
0.3361169998534024, 0.28790599992498755, 0.25479899998754263, 0, 0, 0
0.40307100024074316, 0.30701400013640523, 0.2596819996833801, 0, 0, 0
0.33907199976965785, 0.28951699985191226, 0.2547059999778867, 0, 0, 0
0.33770400006324053, 0.2897719996981323, 0.25959999999031425, 0, 0, 0
0.34149099979549646, 0.29142400017008185, 0.2577450000680983, 0, 0, 0
0.3533210000023246, 0.29307999974116683, 0.25831500021740794, 0, 0, 0
0.3345800000242889, 0.2961199996061623, 0.25712200021371245, 0, 0, 0
0.3457949999719858, 0.29390900023281574, 0.25693999975919724, 0, 0, 0
0.3388029998168349, 0.29170599998906255, 0.25891599990427494, 0, 0, 0
0.3409090000204742, 0.29233699990436435, 0.26217899983748794, 0, 0, 0
0.3428870001807809, 0.29062499990686774, 0.2629450000822544, 0, 0, 0
0.3351929998025298, 0.2947980002500117, 0.2549890000373125, 0, 0, 0
0.3380129998549819, 0.29360600002110004, 0.25890599982813, 0, 0, 0
0.33879900025203824, 0.31288599967956543, 0.2597050000913441, 0, 0, 0
0.38787700003013015, 0.29579799994826317, 0.26430399995297194, 0, 0, 0
0.341085999738425, 0.29469400038942695, 0.2550899996422231, 0, 0, 0
0.33773000026121736, 0.29208499984815717, 0.253885000012815, 0, 0, 0
0.33719800040125847, 0.29043499985709786, 0.25847100000828505, 0, 0, 0
0.338790999725461, 0.31191099993884563, 0.2593530002050102, 0, 0, 0
0.34093800000846386, 0.29281700029969215, 0.25848699966445565, 0, 0, 0
0.3368879999034107, 0.2893799999728799, 0.25826899986714125, 0, 0, 0
0.33852599980309606, 0.289298000279814, 0.25840900000184774, 0, 0, 0
0.33553999988362193, 0.29465000005438924, 0.27154800016433, 0, 0, 0
0.3397180000320077, 0.29898899979889393, 0.25932000018656254, 0, 0, 0
0.342956000007689, 0.29018700029700994, 0.25620799977332354, 266240, 0, 0
0.3374439999461174, 0.29307200014591217, 0.2564090001396835, 0, 0, 0
0.34030199982225895, 0.29132100008428097, 0.2563840001821518, 0, 0, 0
0.38491199957206845, 0.29448300041258335, 0.2627659998834133, 0, 0, 0
0.336856999900192, 0.2919499999843538, 0.25864099990576506, 0, 0, 0
0.3382839998230338, 0.29186000023037195, 0.25573299964889884, 0, 0, 0
0.34085500007495284, 0.2916959999129176, 0.25706900004297495, 0, 0, 0
0.33977399999275804, 0.2978139999322593, 0.2626330000348389, 0, 0, 0
0.34351899987086654, 0.2933180001564324, 0.262707999907434, 0, 0, 0
0.3423389997333288, 0.3035510000772774, 0.2583580003120005, 0, 0, 0
0.3404660001397133, 0.291834999807179, 0.25695399986580014, 0, 0, 0
0.33976699970662594, 0.2921710000373423, 0.2630920000374317, 0, 0, 0
0.34636899968609214, 0.29457200039178133, 0.2569120000116527, 0, 0, 0
0.3406320000067353, 0.29131100000813603, 0.25518999993801117, 0, 0, 0
0.3401029999367893, 0.29049500031396747, 0.25582999968901277, 0, 0, 0
0.3402319997549057, 0.30278300028294325, 0.2581239999271929, 0, 0, 0
0.38803299982100725, 0.2963080001063645, 0.2584890001453459, 0, 0, 0
0.33926199981942773, 0.29117400012910366, 0.25641300017014146, 0, 0, 0
0.337565999943763, 0.29559400025755167, 0.2646820000372827, 0, 0, 0
0.33922099974006414, 0.2909200000576675, 1.0234400001354516, 0, 0, 540672
0.34634899999946356, 0.2933760001324117, 0.25637800013646483, 0, 0, 0
0.3391099995933473, 0.2888040002435446, 0.25668299989774823, 0, 0, 0
0.33713100012391806, 0.291232000105083, 0.25491599971428514, 0, 0, 0
0.33710499992594123, 0.28721300000324845, 0.2556500001810491, 0, 0, 0
0.3434879998676479, 0.2889490001834929, 0.2587559996172786, 0, 0, 0
0.33761300006881356, 0.2985229999758303, 0.2557880003005266, 0, 0, 0
0.5290580000728369, 0.29563699988648295, 0.2565520000644028, 0, 0, 0
0.33838099986314774, 0.29614599980413914, 0.2766490001231432, 0, 0, 0
0.4049549996852875, 0.2944180001504719, 0.25612800009548664, 0, 0, 0
0.338279000017792, 0.3046629996970296, 0.2569619999267161, 0, 0, 0
0.33768399991095066, 0.28951899986714125, 0.2554199998266995, 0, 0, 0
0.3368180003017187, 0.2903760001063347, 0.2571019995957613, 0, 0, 0
0.3419400001876056, 0.3019530000165105, 0.26247499976307154, 0, 0, 0
0.338810000102967, 0.2908999999053776, 0.25397600000724196, 0, 0, 0
0.3363560000434518, 0.3203199999406934, 0.2745199999772012, 0, 0, 0
0.339073000010103, 0.29215600015595555, 0.2971179997548461, 0, 266240, 8192
0.33852200023829937, 0.29204599978402257, 0.26136700017377734, 0, 0, 0
0.3401790000498295, 0.2899489998817444, 0.2556859999895096, 0, 0, 0
0.3344470001757145, 0.2934220000170171, 0.2543739997781813, 0, 0, 0
0.3402299997396767, 0.2899060002528131, 0.25682799983769655, 0, 0, 0
0.33694300008937716, 0.2906010001897812, 0.2535729999653995, 0, 0, 0
0.35305900033563375, 0.29526499984785914, 0.2552430001087487, 0, 0, 0
0.33853500010445714, 0.2881869999691844, 0.2571689998731017, 0, 0, 0
0.33364299964159727, 0.291767000220716, 0.2549789999611676, 0, 0, 0
0.33925099996849895, 0.2892490001395345, 0.25611899979412556, 0, 0, 0
0.33902199985459447, 0.2912960001267493, 0.305010000243783, 0, 0, 0
0.33953100023791194, 0.29031799966469407, 0.25546100037172437, 0, 0, 0
0.3393439999781549, 0.29095799988135695, 0.25589400017634034, 0, 0, 0
0.3402019999921322, 0.2889189999550581, 0.2568219997920096, 0, 0, 0
0.4619180001318455, 0.5432480000890791, 0.5087489997968078, 0, 0, 0
0.4545180001296103, 0.3150059999898076, 0.2550119999796152, 0, 0, 0
0.3332579997368157, 0.3044370003044605, 0.2523449999280274, 0, 0, 0
0.34321899991482496, 0.29184400010854006, 0.2656129999086261, 0, 0, 0
0.3442620001733303, 0.3001429997384548, 0.2520810002461076, 0, 0, 0
0.32878500036895275, 0.3071669996716082, 0.24960900004953146, 0, 0, 0
0.328042000066489, 0.30227599991485476, 0.2516290000639856, 0, 0, 0
0.33346799993887544, 0.2903789998963475, 0.2654320001602173, 0, 0, 0
0.3427260001190007, 0.2772479997947812, 0.24919500015676022, 0, 0, 0
0.3348230002447963, 0.30509099969640374, 0.25816800026223063, 0, 0, 0
0.33757199998945, 0.2803279999643564, 0.25033400021493435, 0, 0, 0
0.32996599981561303, 0.2825350002385676, 0.25300899986177683, 0, 0, 0
0.33092599967494607, 0.27925200015306473, 0.25144700007513165, 0, 0, 0
0.33232499985024333, 0.3226359998807311, 0.255666000302881, 0, 0, 266240
0.32600599993020296, 0.28017299994826317, 0.2508590002544224, 0, 0, 0
0.3290399997495115, 0.27938299998641014, 0.2554109999909997, 0, 0, 0
0.33529899967834353, 0.27840600023046136, 0.25062299985438585, 0, 0, 0
0.32996700005605817, 0.2872649999335408, 0.26994000002741814, 0, 0, 0
0.33187100011855364, 0.27854100009426475, 0.25109999999403954, 0, 0, 0
0.32869300013408065, 0.28779099974781275, 0.25598599994555116, 0, 0, 0
0.3302179998718202, 0.2782370001077652, 0.2524439999833703, 0, 0, 0
0.35708999959751964, 0.2806080002337694, 0.25532699981704354, 0, 0, 0
0.6116940001957119, 0.508022999856621, 0.44763700012117624, 266240, 0, 270336
0.5876779998652637, 0.4956330000422895, 0.4470549998804927, 20480, 0, 0
0.594889999832958, 0.5034509999677539, 0.4599379999563098, 0, 266240, 0
0.5861450000666082, 0.48154899990186095, 0.27666199998930097, 0, -266240, 0
0.335812000092119, 0.2767179999500513, 0.2509570000693202, 0, 0, 0
0.3321199999190867, 0.27847200026735663, 0.2477119998075068, 0, 0, 0
0.3273399998433888, 0.33411499997600913, 0.25305300019681454, 0, 0, 0
0.32939800014719367, 0.27626399975270033, 0.24677200010046363, 0, 0, 0
0.32990199979394674, 0.27743300003930926, 0.25010900013148785, 0, 0, 0
0.3316719997674227, 0.2769860001280904, 0.24660499999299645, 0, 0, 0
0.32787599973380566, 0.2768880003131926, 0.25361099978908896, 0, 0, 0
0.33784199971705675, 0.2771769999526441, 0.2516390001401305, 0, 0, 0
0.33088700007647276, 0.279920999892056, 0.2479920000769198, 0, 0, 0
0.33237600000575185, 0.2753769997507334, 0.24875000026077032, 0, 0, 0
0.33073699986562133, 0.2802400002256036, 0.25044899992644787, 0, 0, 0
0.3312479997985065, 0.2812620000913739, 0.2529469998553395, 0, 0, 0
0.33020299999043345, 0.27726300014182925, 0.2505389996804297, 0, 0, 0
0.3274270002730191, 0.2777499998919666, 0.2482540002092719, 0, 0, 0
0.3286120002157986, 0.28008299972862005, 0.24793800013139844, 0, 0, 0
0.3408630001358688, 0.27788499975576997, 0.25202100025489926, 0, 0, 0
0.34031600039452314, 0.27890999987721443, 0.2516290000639856, 0, 0, 0
0.3308950001373887, 0.27638200018554926, 0.25028299959376454, 0, 0, 0
0.3287900001741946, 0.28270399989560246, 0.24902600003406405, 0, 0, 0
0.3269819999113679, 0.285498000215739, 0.24982499983161688, 0, 0, 0
0.32914499985054135, 0.32905600033700466, 0.2505459999665618, 0, 0, 0
0.33068000013008714, 0.27724700001999736, 0.2480290001258254, 0, 0, 0
0.32940699998289347, 0.27745499974116683, 0.2487010001204908, 0, 0, 0
1.1827680002897978, 0.28345400001853704, 0.24876799993216991, 622592, 0, 0
0.33851000014692545, 0.2762750000692904, 0.24952200008556247, 0, 0, 0
0.32738700043410063, 0.2734389998950064, 0.246717999689281, 0, 0, 0
0.32732499996200204, 0.27436300041154027, 0.24822899978607893, 0, 0, 0
0.32604900002479553, 0.27562699979171157, 0.2481849999167025, 0, 0, 0
0.3264160002581775, 0.27636499982327223, 0.29849399998784065, 0, 0, 0
0.32999600004404783, 0.27911900030449033, 0.24932599999010563, 0, 0, 0
0.3270580000244081, 0.27798099955543876, 0.251246000174433, 0, 0, 0
0.3293919996358454, 0.2744320002384484, 0.24735599989071488, 0, 0, 0
0.32691399985924363, 0.27570699993520975, 0.24816100019961596, 0, 0, 0
0.3295229999348521, 0.283636000007391, 0.24820700008422136, 0, 0, 0
0.32685000030323863, 0.28486999962478876, 0.25404500029981136, 0, 0, 0
0.33082199981436133, 0.3081590002402663, 0.24827099964022636, 0, 0, 0
0.32841800013557076, 0.27705899998545647, 0.2478289999999106, 0, 0, 0
0.32681999960914254, 0.27520900033414364, 0.3103430001065135, 0, 0, 0
0.3257699999958277, 0.27766000013798475, 0.24835099978372455, 0, 0, 0
0.3237619996070862, 0.276229000184685, 0.2457090001553297, 0, 0, 0
0.32814700016751885, 0.27786599984392524, 0.24566700030118227, 0, 0, 0
0.3230049996636808, 0.27596600027754903, 0.2502230000682175, 0, 0, 0
0.32647599978372455, 0.28632700024172664, 0.2492359997704625, 0, 0, 0
0.3276229999028146, 0.2812290000729263, 0.24939700029790401, 0, 0, 0
0.33002200024202466, 0.32343100011348724, 0.2833010000176728, 0, 0, 0
0.3463690001517534, 0.29343599965795875, 0.2559530003927648, 0, 0, 0
0.33842899976298213, 0.2889600000344217, 0.26156400004401803, 0, 0, 0
0.3363929996266961, 0.2914160001091659, 0.25663499999791384, 0, 0, 0
0.33737599989399314, 0.28836299991235137, 0.2537750001065433, 0, 0, 0
0.3351949998177588, 0.28687100019305944, 0.2558309999294579, 0, 0, 0
0.33558000018820167, 0.28896200004965067, 0.2539209998212755, 0, 0, 0
0.3464409997686744, 0.2898389999754727, 0.25656200014054775, 0, 0, 0
0.3365759998559952, 0.2904329998418689, 0.2553119999356568, 0, 0, 0
0.3379809996113181, 0.2913350001908839, 0.2770330002531409, 0, 0, 0
0.3470290000550449, 0.2904679998755455, 0.2540210001170635, 0, 0, 0
0.33478999976068735, 0.33428300032392144, 0.26137399999424815, 0, 0, 0
0.335977999959141, 0.2893479997292161, 0.2552800001576543, 0, 0, 0
0.3373230001889169, 0.2885960000567138, 0.25320199970155954, 0, 0, 0
0.33695399994030595, 0.29147000005468726, 0.25739499973133206, 0, 0, 0
0.33771400013938546, 0.2887149997986853, 0.2641980000771582, 0, 0, 0
0.34769800025969744, 0.28988400008529425, 0.25625699991360307, 0, 0, 0
0.33742500003427267, 0.2897109999321401, 0.25784500036388636, 0, 0, 0
0.33803700003772974, 0.28832400031387806, 0.23616599990054965, 0, 0, 0
0.3072080002166331, 0.26459999987855554, 0.23594099981710315, 0, 0, 0
0.3082870002835989, 0.33114399993792176, 0.2372869998216629, 0, 0, 266240
0.30927200010046363, 0.26558899972587824, 0.23528500040993094, 0, 0, 0
0.3069770000874996, 0.264295999892056, 0.23541399976238608, 0, 0, 0
0.31787799997255206, 0.2686540000140667, 0.23378900019451976, 0, 0, 0
0.3086560000665486, 0.26276399986818433, 0.23247299995273352, 0, 0, 0
0.3212150000035763, 0.274384000338614, 0.23488799994811416, 0, 0, 0
0.3090030001476407, 0.26485699974000454, 0.23512700013816357, 0, 0, 0
0.3105590003542602, 0.26653299992904067, 0.24119299976155162, 0, 0, 0
0.31387400021776557, 0.26949899969622493, 0.23480800027027726, 0, 0, 0
0.3052019998431206, 0.284621000289917, 0.2528160000219941, 0, 0, 0
0.34180500032380223, 0.2849719999358058, 0.2331840000115335, 0, 0, 0
0.30901499977335334, 0.2840180001221597, 0.23389799986034632, 0, 0, 0
0.3086290000937879, 0.2651009997352958, 0.2329730000346899, 0, 0, 0
0.30605100002139807, 0.26470600022003055, 0.2322729998268187, 0, 0, 0
0.30827399995177984, 0.27077100006863475, 0.3204100001603365, 0, 0, 0
0.3100379998795688, 0.26485500019043684, 0.23654399998486042, 0, 0, 0
0.3068250003270805, 0.2632800000719726, 0.23239099979400635, 0, 0, 0
0.30575899966061115, 0.2662700000219047, 0.24637800035998225, 0, 0, 0
0.31506900023669004, 0.26597899990156293, 0.23203600011765957, 0, 0, 0
0.30750300036743283, 0.28843099996447563, 0.2375300000421703, 0, 0, 0
0.30901100020855665, 0.32067999988794327, 0.2560720001347363, 0, 270336, 270336
0.34571099979802966, 0.28829200007021427, 0.25518999993801117, 0, 0, 0
0.3379489998333156, 0.29709600005298853, 0.309320000000298, 0, 270336, -237568
0.3141820002347231, 0.26386399986222386, 0.268544000107795, 0, 0, 0
0.3614659998565912, 0.2912920000962913, 0.23856399999931455, 0, 0, 0
0.30678300000727177, 0.2633739998564124, 0.23284999979659915, 0, 0, 0
0.3077909997664392, 0.2617899999022484, 0.23302699998021126, 0, 0, 0
0.30723300017416477, 0.2742099999450147, 0.23131499998271465, 0, 0, 0
0.3060189997777343, 0.2882790002040565, 0.24241899978369474, 0, 0, 0
0.30706899985671043, 0.2650190000422299, 0.2318070000037551, 0, 0, 0
0.30720899999141693, 0.26262900000438094, 0.2314220000989735, 0, 0, 0
0.30923999985679984, 0.26570399990305305, 0.23417400009930134, 0, 0, 0
0.3319319998845458, 0.26426100032404065, 0.24974799994379282, 0, 0, 0
0.3518139999359846, 0.2707910002209246, 0.23389500007033348, 0, 0, 0
0.3093400001525879, 0.26639899984002113, 0.23126000026240945, 0, 0, 0
0.3074100003577769, 0.31253100000321865, 0.2646679999306798, 0, 0, 0
0.30992399994283915, 0.2622239999473095, 0.23380400007590652, 0, 0, 0
0.3101869998499751, 0.2636380000039935, 0.23205799981951714, 0, 0, 0
0.333143999800086, 0.2655009999871254, 0.23234300035983324, 0, 0, 0
0.3056389996781945, 0.2646000003442168, 0.23317199992015958, 0, 0, 0
0.3088119998574257, 0.26137199997901917, 0.4131439998745918, 0, 0, 266240
0.557718999683857, 0.5287300003692508, 0.48560399981215596, 0, 0, 536576
0.44047499960288405, 0.30787300039082766, 0.25269999960437417, -217088, 0, 0
0.36956699984148145, 0.3020750000141561, 0.25121500017121434, 270336, 0, 0
0.3458110000938177, 0.32219400024041533, 0.2551289997063577, 0, -188416, 0
0.3390749995596707, 0.2846700004301965, 0.25444099958986044, 0, 0, 0
0.3099549999460578, 0.2687340001575649, 0.2351139998063445, 0, 0, 0
0.31391200004145503, 0.2693430003710091, 0.24648299999535084, 0, 0, 0
0.33143300004303455, 0.2997139999642968, 0.2474320000037551, 0, 0, 0
0.3261289997026324, 0.28670100029557943, 0.24735499965026975, 0, 0, 0
0.3288479996845126, 0.3335700002498925, 0.2484280001372099, 0, 0, 0
0.340570000000298, 0.2913840003311634, 0.2474019997753203, 0, 0, 0
0.33974500000476837, 0.28175400011241436, 0.2587269996292889, 0, 0, 0
0.348146999720484, 0.2834729999303818, 0.2608680003322661, 0, 0, 0
0.3303620000369847, 0.2834650003351271, 0.2580619999207556, 0, 0, 0
0.32699300022795796, 0.31338499998673797, 0.247533000074327, 0, 0, 0
0.33703000005334616, 0.3093880000524223, 0.24619799992069602, 0, 0, 0
0.32687099976465106, 0.28187499986961484, 0.2482560002245009, 0, 0, 0
0.32636300008744, 0.2842859998345375, 0.24638999998569489, 0, 0, 0
0.32659800024703145, 0.31068399967625737, 0.24886300042271614, 0, 0, 0
0.3274619998410344, 0.284532000310719, 0.24877599999308586, 0, 266240, 0
0.3330129999667406, 0.2865939997136593, 0.24865199998021126, 0, 0, 0
0.32940599974244833, 0.2875260002911091, 0.2659989995881915, 0, 0, 0
0.3285150001756847, 0.2820190000347793, 0.26073599979281425, 0, 0, 0
0.326621999964118, 0.289620999712497, 0.2483570002950728, 0, 0, 0
0.34409300005063415, 0.2840719996020198, 0.24638700019568205, 0, 0, 0
0.3241759999655187, 0.28411999996751547, 0.24993699975311756, 0, 0, 0
0.32724499981850386, 0.29037299985066056, 0.246310000307858, 0, 0, 0
0.32949599996209145, 0.2927970001474023, 0.25271999975666404, 0, 0, 0
0.3265050002373755, 0.28674699971452355, 0.24754999997094274, 0, 0, 0
0.33047599997371435, 0.2843200000934303, 0.24821999995037913, 0, 0, 0
0.33217900013551116, 0.28242200007662177, 0.24625599989667535, 0, 0, 0
0.3402429996058345, 0.2825879999436438, 0.2512160004116595, 0, 0, 0
0.32585699995979667, 0.29099699994549155, 0.25021700002253056, 0, 0, 0
0.3247180003672838, 0.28130799997597933, 0.24852699972689152, 0, 0, 0
0.3260900001041591, 0.2844759998843074, 0.24660299997776747, 0, 0, 0
0.32844500010833144, 0.2835359997116029, 0.24712199997156858, 0, 0, 0
0.32489499961957335, 0.2896010000258684, 0.25313400011509657, 0, 0, 0
0.3251899997703731, 0.28479700023308396, 0.26009400002658367, 0, 0, 0
0.3290819996036589, 0.32147400034591556, 0.24918199982494116, 0, 0, 0
0.3382949996739626, 0.29903600038960576, 0.24759599985554814, 0, 0, 0
0.33868599962443113, 0.28553800005465746, 0.2776170000433922, 0, 0, 0
0.32664800016209483, 0.2867669998668134, 0.24896700028330088, 0, 0, 0
0.3249139999970794, 0.28276799991726875, 0.25011399993672967, 0, 0, 270336
0.32974399998784065, 0.28208599984645844, 0.24740800028666854, 0, 0, 0
0.324522000271827, 0.2813549996353686, 0.24502800032496452, 0, 0, 0
0.32763700000941753, 0.28674500016495585, 0.250709000043571, 0, 0, 0
0.32777300011366606, 0.28490399988368154, 0.2479580002836883, 0, 0, 0
0.3284240001812577, 0.28171199979260564, 0.248518000356853, 0, 0, 0
0.3257659999653697, 0.2840040000155568, 0.248498999979347, 0, 0, 0
0.3275789995677769, 0.28540500020608306, 0.24814399983733892, 0, 0, 0
0.36036300007253885, 0.2951770001091063, 0.25069899996742606, 0, 0, 0
0.33039800031110644, 0.296766999643296, 0.24890900030732155, 0, 0, 0
0.32731399964541197, 0.2825509998947382, 0.2482010000385344, 0, 0, 0
0.3234529998153448, 0.28420899994671345, 0.24724100017920136, 0, 0, 0
0.32933600014075637, 0.2855360000394285, 0.24853400001302361, 0, 0, 0
0.33040500013157725, 0.2818049998022616, 0.2488480000756681, 0, 270336, 0
0.3278769999742508, 0.28379799984395504, 0.2485699998214841, 0, 0, 0
0.38590400014072657, 0.2936939997598529, 0.2558969999663532, 0, 0, 0
0.325745000038296, 0.2831569998525083, 0.24843099992722273, 0, 0, 0
0.38368400000035763, 0.31556200003251433, 0.25387899996712804, 0, 0, 0
0.32549399975687265, 0.2828410002402961, 0.24717900017276406, 0, 0, 0
0.33142799977213144, 0.28320199996232986, 0.24506300035864115, 0, 0, 0
0.3307300000451505, 0.2828649999573827, 0.24551900010555983, 0, 0, 0
0.3267180002294481, 0.29387699998915195, 0.25070799980312586, 0, 0, 0
0.32858499977737665, 0.28214200027287006, 0.24680899968370795, 0, 0, 0
0.32650399999693036, 0.2812230000272393, 0.24843999976292253, 0, 0, 0
0.33112300001084805, 0.3337820000015199, 0.2505900003015995, 0, 270336, 0
0.3563850000500679, 0.3010809998959303, 0.26026799995452166, 0, 0, 0
0.32895899983122945, 0.2859869999811053, 0.24782399972900748, 0, 0, 0
0.3259499999694526, 0.2865930004045367, 0.25137599976733327, 0, 0, 0
0.3267230000346899, 0.2827719999477267, 0.2459130003117025, 0, 0, 0
0.3290860000997782, 0.3028049999848008, 0.24787800014019012, 0, 0, 0
0.32526900013908744, 0.2869110000319779, 0.2576939999125898, 0, 0, 0
0.3252199999988079, 0.28875500010326505, 0.2501400001347065, 0, 0, 0
0.32928700000047684, 0.2860260000452399, 0.25240400014445186, 0, 0, 0
0.3394220001064241, 0.29938700003549457, 0.253624000120908, 0, 0, 0
0.3342130002565682, 0.29375099996104836, 0.2866079998202622, 0, 0, 0
0.3401770000346005, 0.29770500026643276, 0.2544769998639822, 0, 0, 0
0.33586900029331446, 0.2932199998758733, 0.2510969997383654, 0, 0, 0
0.33272499963641167, 0.2942160000093281, 0.2515080003067851, 0, 270336, 0
0.3353840000927448, 0.29348899982869625, 0.25305100018158555, 0, 0, 0
0.35700100008398294, 0.2990669999271631, 0.25473100040107965, 0, 0, 0
0.3909779996611178, 0.297777000349015, 0.2534010000526905, 0, 0, 0
0.33858999982476234, 0.29489400004968047, 0.2518719998188317, 0, 0, 0
0.33955000014975667, 0.2940639997832477, 0.2523159999400377, 0, 0, 0
0.3376990002579987, 0.3332119998522103, 0.2560880002565682, 0, 0, 0
0.3357549998909235, 0.2940039997920394, 0.25259400019422174, 0, 0, 0
0.33478099992498755, 0.29260100005194545, 0.25182799994945526, 0, 0, 0
0.3385089999064803, 0.29633500007912517, 0.2545850002206862, 0, 0, 0
0.31793999997898936, 0.26974500017240644, 0.23576199961826205, 0, 0, 0
0.3373730001039803, 0.2946219998411834, 0.25419400027021766, 0, 0, 0
0.337226000148803, 0.30660799983888865, 0.25171499978750944, 0, 0, 0
0.3070749999023974, 0.2698220000602305, 0.23193700006231666, 270336, 0, 0
0.3038030001334846, 0.27022300008684397, 0.23209499986842275, 0, 0, 0
0.30788400024175644, 0.28045699978247285, 0.24137700023129582, 0, 0, 0
0.3083859998732805, 0.2689620000310242, 0.23346199980005622, 0, 0, 0
0.3051869999617338, 0.2677059997804463, 0.2359470003284514, 0, 0, 0
0.30846699979156256, 0.280371000058949, 0.23197800014168024, 0, 0, 0
0.30561099993065, 0.2709709997288883, 0.23097999999299645, 0, 0, 0
0.3011920000426471, 0.29033099999651313, 0.23973499983549118, 0, 0, 0
0.3091009999625385, 0.27002299996092916, 0.23301099985837936, 0, 0, 0
0.30814100010320544, 0.2707930002361536, 0.22967199981212616, 0, 0, 0
0.5628619999624789, 0.4739910000935197, 0.40961300022900105, 270336, 0, 0
0.516225999686867, 0.31443600030615926, 0.24123100005090237, 114688, 0, 0
0.31785700004547834, 0.2692729998379946, 0.23377199983224273, 0, 0, 0
0.31309499964118004, 0.27997100027278066, 0.2333309999667108, 0, 0, 0
0.38032499980181456, 0.308788999915123, 0.2519890000112355, 0, 0, 0
0.3626879998482764, 0.2795020001940429, 0.24513000017032027, 0, 0, 0
0.32293100003153086, 0.2789969998411834, 0.24313100008293986, 0, 0, 0
0.32516600005328655, 0.27964199986308813, 0.2436319999396801, 0, 0, 0
0.36520700016990304, 0.3110099998302758, 0.24763699993491173, 0, 0, 0
0.338107000105083, 0.3050370002165437, 0.24453700007870793, 0, 0, 0
0.3442270001396537, 0.2846880001015961, 0.2545570000074804, 0, 0, 0
0.34231000021100044, 0.3062879997305572, 0.2436000001616776, 0, 0, 0
0.3374319998547435, 0.2796279997564852, 0.25429700035601854, 0, 0, 0
0.3244420001283288, 0.28200599970296025, 0.7042400003410876, 0, 0, 0
0.3268670001998544, 0.2840749998576939, 0.2433980000205338, 0, 0, 0
0.3253269996494055, 0.2813050001859665, 0.24456899985671043, 0, 0, 0
0.32640800019726157, 0.28004400013014674, 0.30762799968943, 0, 0, 0
0.3277010000310838, 0.28069399995729327, 0.24596199998632073, 0, 0, 0
0.32563200034201145, 0.28094800002872944, 0.24284600000828505, 0, 0, 0
0.32670099986717105, 0.27879400039091706, 0.24418899975717068, 0, 0, 0
0.3264359999448061, 0.28909899992868304, 0.2442450001835823, 0, 0, 0
0.33702499978244305, 0.28317400021478534, 0.24827100010588765, 0, 0, 0
0.32589600002393126, 0.2821860001422465, 0.2468010000884533, 0, 0, 0
0.3266880000010133, 0.2818149998784065, 0.24436100013554096, 0, 0, 0
0.3265160000883043, 0.27998899994418025, 0.24463899992406368, 0, 0, 0
0.32639600010588765, 0.2818829999305308, 0.2732959999702871, 0, 0, 0
0.3262819997034967, 0.2792009999975562, 0.24532700004056096, 0, 0, 0
0.3263030000962317, 0.27949299989268184, 0.2625980000011623, 0, 0, 0
0.3236799999140203, 0.28414699994027615, 0.2453140001744032, 0, 0, 0
0.3263400001451373, 0.28056999994441867, 0.2476639999076724, 0, 0, 0
0.3405330004170537, 0.28733700001612306, 0.24780999962240458, 0, 0, 0
0.32216899981722236, 0.28102899994701147, 0.24468200001865625, 0, 0, 0
0.33111799973994493, 0.29153400007635355, 0.2472580000758171, 0, 0, 0
0.3451629998162389, 0.30688400007784367, 0.24478500010445714, 0, 0, 0
0.32290099980309606, 0.282326000276953, 0.3004040000960231, 0, 0, 0
0.3446739995852113, 0.2984580001793802, 0.2448390000499785, 0, 0, 0
0.3247469998896122, 0.2803070000372827, 0.2479070001281798, 0, 0, 0
0.3224619999527931, 0.280367000028491, 0.2468719999305904, 0, 0, 0
0.32737599965184927, 0.288141000084579, 0.24504500022158027, 0, 0, 0
0.3230699999257922, 0.2842609998770058, 0.2486120001412928, 0, 0, 0
0.3253830000758171, 0.28224699990823865, 0.24477199977263808, 266240, 0, 0
0.32823400013148785, 0.28047999972477555, 0.24632500018924475, 0, 0, 0
0.32302000001072884, 0.28043399984017015, 0.2463119998574257, 0, 0, 0
0.32094100024551153, 0.28053499991074204, 0.2446619998663664, 0, 0, 0
0.32627699989825487, 0.2800239999778569, 0.24725000001490116, 0, 0, 0
0.32394499983638525, 0.281076000072062, 0.2442789999768138, 0, 0, 0
0.32653099996969104, 0.28217600006610155, 0.24784200033172965, 0, 0, 0
0.3268720000050962, 0.27884199982509017, 0.24594800034537911, 0, 0, 0
0.32193899992853403, 0.2861489998176694, 0.2461610003374517, 0, 0, 0
0.3240290000103414, 0.2834339998662472, 0.24530200008302927, 0, 0, 0
0.34157299995422363, 0.2840269999578595, 0.24778200034052134, 0, 0, 0
0.3286549998447299, 0.2867530002258718, 0.24560899985954165, 0, 0, 0
0.3274939996190369, 0.28192400000989437, 0.2450390001758933, 0, 0, 0
0.36185700027272105, 0.29656599974259734, 0.2474370002746582, 0, 0, 0
0.3269199999049306, 0.28685500007122755, 0.24736500019207597, 0, 0, 0
0.32866499992087483, 0.32566400012001395, 0.2866429998539388, 0, 0, 270336
0.3378129997290671, 0.28219900000840425, 0.2440269999206066, 0, 0, 0
0.3284690002910793, 0.2832100000232458, 0.24527199985459447, 0, 0, 0
0.326535000000149, 0.2870099996216595, 0.2477170000784099, 0, 0, 0
0.32802999997511506, 0.28810100024566054, 0.24752999981865287, 0, 0, 0
0.3261170000769198, 0.28575999988242984, 0.24434400023892522, 0, 0, 0
0.32632899982854724, 0.2857929999008775, 0.24342000018805265, 0, 0, 0
0.3755299998447299, 0.28573299990966916, 0.24655900010839105, 0, 0, 0
0.32894799998030066, 0.2831429997459054, 0.2461700001731515, 0, 0, 0
0.3260339996777475, 0.28087199991568923, 0.24690500041469932, 0, 0, 0
0.33010199991986156, 0.2818140001036227, 0.24698399985209107, 0, 0, 0
0.3266189997084439, 0.28554700035601854, 0.24744999967515469, 0, 0, 0
0.322391000110656, 0.2854399997740984, 0.24741800036281347, 0, 0, 0
0.3264180002734065, 0.2808159999549389, 0.24639600003138185, 0, 0, 0
0.3265949999913573, 0.28066599974408746, 0.245407999958843, 0, 0, 0
0.3425640002824366, 0.28558099968358874, 0.24684400018304586, 0, 0, 0
0.33292900025844574, 0.28190499963238835, 0.2504660002887249, 0, 0, 270336
0.3281530002132058, 0.28250199975445867, 0.24536100029945374, 0, 0, 0
0.3391980002634227, 0.2821449995972216, 0.24583200039342046, 0, 0, 0
0.3472609999589622, 0.3023779997602105, 0.24775000009685755, 0, 0, 0
0.33828899962827563, 0.2863330002874136, 0.2588349999859929, 0, 0, 0
0.3363769999705255, 0.2839690004475415, 0.2455499996431172, 0, 0, 0
0.3257039999589324, 0.2792490003630519, 0.2460209997370839, 0, 0, 0
0.33547600032761693, 0.2802189998328686, 0.24424100015312433, 0, 0, 0
0.3258630000054836, 0.2805940001271665, 0.244868999812752, 0, 0, 0
0.35855500027537346, 0.2818329995498061, 0.24694000044837594, 0, 0, 0
0.32578299986198545, 0.28138400008901954, 0.24684299994260073, 0, 0, 0
0.3257590001448989, 0.2811380000784993, 0.24484999990090728, 0, 0, 0
0.32843999983742833, 0.28083299985155463, 0.24505200004205108, 0, 0, 0
0.32853200007230043, 0.2839319999329746, 0.24883799999952316, 0, 270336, 0
0.33017800003290176, 0.2834280002862215, 0.24756000004708767, 0, 0, 0
0.32692299969494343, 0.2791850003413856, 0.24586199969053268, 0, 0, 0
0.3242329997010529, 0.28434000024572015, 0.2501219999976456, 0, 0, 0
0.3241820000112057, 0.2846599998883903, 0.24580899998545647, 0, 0, 0
0.3598130000755191, 0.2841920000500977, 0.2512389998883009, 0, 0, 0
0.32477999990805984, 0.30103700002655387, 0.2465829998254776, 0, 0, 0
0.32650399999693036, 0.28826599987223744, 0.24572800006717443, 0, 0, 0
0.3276589997112751, 0.28283500019460917, 0.24428900005295873, 0, 0, 0
0.32583400001749396, 0.28603800013661385, 0.2532770000398159, 0, 0, 0
0.32668699976056814, 0.28407800011336803, 0.2464180001989007, 0, 0, 0
0.323528999928385, 0.28306900011375546, 0.2458440000191331, 0, 0, 0
0.32783000031486154, 0.2809509998187423, 0.2464570002630353, 0, 270336, 0
0.32377999974414706, 0.28271800000220537, 0.2448850004002452, 0, 0, 0
0.3244830002076924, 0.2845199997536838, 0.2500359998084605, 0, 0, 0
0.3258950002491474, 0.28221999993547797, 0.24735700013116002, 0, 0, 0
0.32559299981221557, 0.2826930000446737, 0.24721699999645352, 0, 0, 0
0.32378700003027916, 0.2985249999910593, 0.24498100019991398, 0, 0, 0
0.32621200010180473, 0.283545000012964, 0.25693799974396825, 0, 0, 0
0.325827999971807, 0.2842769999988377, 0.2480629999190569, 0, 0, 0
0.32597599970176816, 0.278263000305742, 0.2470649997703731, 0, 0, 0
0.3271249998360872, 0.2830750001594424, 0.2479920000769198, 0, 0, 0
0.3284869999624789, 0.2829410000704229, 0.24552399991080165, 0, 0, 0
0.3257889999076724, 0.3379610003903508, 0.24992999993264675, 0, 0, 0
0.32789399987086654, 0.28097400022670627, 0.2454309999011457, 0, 0, 0
0.32888799998909235, 0.2814400000497699, 0.24872499983757734, 270336, 0, 0
0.3296139999292791, 0.29821200016885996, 0.2455569999292493, 0, 0, 0
0.3283020001836121, 0.28403700003400445, 0.249099999666214, 0, 0, 0
0.34645400010049343, 0.28361899964511395, 0.24852799996733665, 0, 0, 0
0.3259310000576079, 0.3150720000267029, 0.24595999997109175, 0, 0, 0
0.32690600026398897, 0.2856369996443391, 0.25705300038680434, 0, 0, 0
0.34621800016611814, 0.31062400015071034, 0.2438749996945262, 0, 0, 0
0.32477799989283085, 0.3280950002372265, 0.24835099978372455, 0, 0, 0
0.32955299969762564, 0.28076900029554963, 0.24688699981197715, 0, 0, 0
0.32745099999010563, 0.27984700025990605, 0.24916999973356724, 0, 0, 0
0.3313490003347397, 0.28209100011736155, 0.24528699973598123, 0, 0, 0
0.3239440000616014, 0.2807339997962117, 0.24617499997839332, 0, 0, 270336
0.3210459998808801, 0.2811680003069341, 0.2500409996137023, 0, 0, 0
0.32660500006750226, 0.2836210001260042, 0.2474230001680553, 0, 0, 0
0.3284140001051128, 0.28232100000604987, 0.24806200014427304, 0, 0, 0
0.32586799981072545, 0.282839999999851, 0.25415900023654103, 0, 0, 0
0.3223790000192821, 0.2840929999947548, 0.2485769996419549, 0, 0, 0
0.32508099963888526, 0.28007400035858154, 0.24625599989667535, 0, 0, 0
0.3293850002810359, 0.2845639996230602, 0.24679500004276633, 0, 0, 0
0.32804299984127283, 0.2849310003221035, 0.2452679998241365, 0, 0, 0
0.32732299994677305, 0.28374599991366267, 0.24607999995350838, 0, 0, 0
0.3290789998136461, 0.2830260000191629, 0.25828299997374415, 0, 0, 0
0.32891999976709485, 0.283373000100255, 0.24616600014269352, 0, 0, 0
0.3311720001511276, 0.28066099993884563, 0.24691500002518296, 0, 270336, 0
0.3285039998590946, 0.2825699998065829, 0.24544299999251962, 0, 0, 0
0.32338100019842386, 0.33404800016433, 0.2506309999153018, 0, 0, 0
0.32541399961337447, 0.28422500006854534, 0.24842899991199374, 0, 0, 0
0.3326849997974932, 0.28215999994426966, 0.24429700011387467, 0, 0, 0
0.3254989995621145, 0.2907780003733933, 0.24606100004166365, 0, 0, 0
0.32574900006875396, 0.28438299987465143, 0.24565799999982119, 0, 0, 0
0.3292290000244975, 0.28145499993115664, 0.25031800009310246, 0, 0, 0
0.32373400032520294, 0.27922899974510074, 0.24738000007346272, 0, 0, 0
0.3244029995985329, 0.28175600012764335, 0.2469410002231598, 0, 0, 0
0.3273609997704625, 0.2836800003424287, 0.2513979999348521, 0, 0, 0
0.323985000140965, 0.28498499980196357, 0.27577600022777915, 0, 0, 0
0.32879900000989437, 0.28271699976176023, 0.2469410002231598, 0, 0, 0
0.32626299979165196, 0.27997800009325147, 0.24542600009590387, 270336, 0, 0
0.32746699964627624, 0.28185000037774444, 0.2450230000540614, 0, 0, 0
0.32579899998381734, 0.2817130000330508, 0.2481760000810027, 0, 0, 0
0.3444610000588, 0.2881209999322891, 0.2540890001691878, 0, 0, 0
0.32604900002479553, 0.28274699999019504, 0.24714400013908744, 0, 0, 0
0.32725000008940697, 0.2835260001011193, 0.24713099980726838, 0, 0, 0
0.3348949998617172, 0.3366780001670122, 0.24749899981543422, 0, 270336, 0
0.32703400030732155, 0.2805639998987317, 0.25132500007748604, 0, 0, 0
0.32679999992251396, 0.2802730002440512, 0.24532700004056096, 0, 0, 0
0.3259660000912845, 0.2798619996756315, 0.24387600040063262, 0, 0, 0
0.3437850000336766, 0.2908489997498691, 0.2437860001809895, 0, 0, 0
0.32462199963629246, 0.2791590001434088, 0.24591400008648634, 0, 0, 0
0.3423869996331632, 0.2807860001921654, 0.2481729998253286, 0, 0, 0
0.32849300000816584, 0.2857389999553561, 0.25877799978479743, 0, 0, 0
0.3454979998059571, 0.30565100023522973, 0.24912199983373284, 0, 0, 0
0.3395139998756349, 0.30333800008520484, 0.24616899993270636, 0, 0, 0
0.33845899999141693, 0.2809589998796582, 0.2983440002426505, 0, 0, 0
0.3414710001088679, 0.28037500008940697, 0.2465829998254776, 0, 0, 0
0.3264729999937117, 0.2915240000002086, 0.24473700020462275, 0, 0, 0
0.41686399979516864, 0.28822699980810285, 0.24729400034993887, 0, 0, 0
0.32370400009676814, 0.2805039999075234, 0.24434000020846725, 0, 0, 0
0.32504400005564094, 0.27817099960520864, 0.24527200032025576, 0, 0, 0
0.3260960001498461, 0.2791999997571111, 0.24615800008177757, 0, 0, 0
0.32748400000855327, 0.28068199986591935, 0.27875899989157915, 0, 0, 0
0.3255889997817576, 0.2826980003155768, 0.24619799992069602, 0, 0, 0
0.3248439999297261, 0.2767380001023412, 0.2449150001630187, 0, 0, 0
0.3469699998386204, 0.2818400003015995, 0.24463199963793159, 0, 0, 0
0.3260050001554191, 0.2792790001258254, 0.244159999769181, 0, 0, 0
0.3246120000258088, 0.2880149995908141, 0.24599200021475554, 0, 0, 0
0.33958399994298816, 0.3041880000382662, 0.25598100014030933, 0, 0, 0
0.3382609998807311, 0.3021319997496903, 0.24459000024944544, 0, 0, 0
0.34079100005328655, 0.2814799998886883, 0.2473309999331832, 0, 0, 0
0.3246639999561012, 0.27824700018391013, 0.3049200000241399, 0, 0, 0
0.3256949996575713, 0.28120300034061074, 0.24669199995696545, 0, 0, 0
0.32593700010329485, 0.28279100032523274, 0.24490199983119965, 0, 0, 0
0.325630999635905, 0.27996900025755167, 0.24497300013899803, 0, 0, 0
0.32375700026750565, 0.28061300003901124, 0.24395899986848235, 0, 0, 0
0.32455600006505847, 0.2881320002488792, 0.24665999971330166, 0, 0, 0
0.3220370002090931, 0.28048000019043684, 0.24459999985992908, 0, 0, 0
0.32517699990421534, 0.2808790002018213, 0.2478180001489818, 0, 0, 0
0.32528099976480007, 0.27791499998420477, 0.24500600015744567, 0, 0, 0
0.325654000043869, 0.29373899986967444, 0.2621370004490018, 0, 0, 0
0.3859120002016425, 0.28201500000432134, 0.2465760000050068, 0, 0, 0
0.3278219997882843, 0.2836350002326071, 0.2589449998922646, 0, 0, 0
0.32766700023785233, 0.3158780001103878, 0.24501399975270033, 0, 0, 0
0.32265099976211786, 0.3030730001628399, 0.24484100006520748, 0, 0, 0
0.33904200000688434, 0.29954000003635883, 0.24511400004848838, 0, 0, 0
0.3310330002568662, 0.2817749995738268, 0.24767599999904633, 0, 0, 0
0.32529000006616116, 0.2809419999830425, 0.24477799981832504, 0, 0, 0
0.32648799987509847, 0.28451199969276786, 0.2479490004479885, 0, 0, 0
0.3263440001755953, 0.2835740000009537, 0.24627600004896522, 0, 0, 0
0.32939800014719367, 0.2835039999336004, 0.2478109998628497, 0, 0, 0
0.32728399988263845, 0.2823379999026656, 0.24464499996975064, 0, 0, 0
0.32874999986961484, 0.28347499994561076, 0.2504410003311932, 0, 0, 0
0.3255920000374317, 0.2807879997417331, 0.24544400023296475, 0, 0, 0
0.33175700018182397, 0.31589999981224537, 0.2505419999361038, 0, 0, 0
0.3286319999024272, 0.28297200007364154, 0.2459660000167787, 0, 0, 0
0.32595699978992343, 0.28544800030067563, 0.24539399985224009, 0, 0, 0
0.32775199972093105, 0.2831780002452433, 0.24566899985074997, 0, 0, 0
0.32738499995321035, 0.2809450002387166, 0.24832399981096387, 0, 0, 0
0.3342979997396469, 0.2823130004107952, 0.24813500000163913, 0, 0, 0
0.32769900001585484, 0.2811349998228252, 0.24651800002902746, 0, 0, 0
0.32416799990460277, 0.28204500023275614, 0.24513199971988797, 0, 0, 0
0.3247910002246499, 0.2856689998880029, 0.2453669998794794, 0, 0, 0
0.32955299969762564, 0.32051400002092123, 0.25075600016862154, 0, 0, 0
0.3248900002799928, 0.2831569998525083, 0.248046999797225, 0, 0, 0
0.32827099971473217, 0.2944400003179908, 0.2469639996998012, 0, 0, 0
0.3278379999101162, 0.28574900003150105, 0.24656100012362003, 0, 0, 0
0.32406400004401803, 0.2813150002621114, 0.24678399972617626, 0, 0, 0
0.32993400003761053, 0.2799370000138879, 0.24683699989691377, 0, 0, 0
0.3239279999397695, 0.2850979999639094, 0.24441399984061718, 0, 0, 0
0.3235220001079142, 0.2847129995934665, 0.24430500017479062, 0, 266240, 0
0.32745599979534745, 0.28496900014579296, 0.2508310000412166, 0, 0, 0
0.32298800023272634, 0.28084499994292855, 0.2517280001193285, 0, 0, 0
0.32259600004181266, 0.28361300006508827, 0.24663199996575713, 0, 0, 0
0.3233499997295439, 0.2789030000567436, 0.24511500028893352, 0, 0, 0
0.32578299986198545, 0.28245799988508224, 0.24920500023290515, 0, 0, 0
0.323613999877125, 0.2815070003271103, 0.24633200000971556, 0, 0, 0
0.3297560000792146, 0.2918030000291765, 0.24693499971181154, 0, 0, 0
0.3263349998742342, 0.2941310000605881, 0.24711700016632676, 0, 0, 0
0.3258690000511706, 0.2852409998886287, 0.2447540001012385, 0, 0, 0
0.33189799962565303, 0.28700200002640486, 0.2450550002977252, 0, 0, 0
0.3264620001427829, 0.28461299976333976, 0.30051800003275275, 0, 0, 0
0.3367070001550019, 0.2828750000335276, 0.24944099970161915, 0, 0, 0
0.32903899997472763, 0.28254800010472536, 0.2482310002669692, 0, 0, 0
0.3264979999512434, 0.2828130000270903, 0.24848700035363436, 0, 0, 0
0.328207999933511, 0.28814699966460466, 0.2462180000729859, 0, 0, 0
0.3288620002567768, 0.29059699969366193, 0.24808600032702088, 0, 0, 0
0.32587500009685755, 0.2849260000512004, 0.24787400010973215, 0, 0, 0
0.3278859998099506, 0.2818950000219047, 0.2460779999382794, 0, 0, 0
0.32605900010094047, 0.2797599998302758, 0.24912300007417798, 0, 0, 0
0.3247259999625385, 0.282217999920249, 0.25364100001752377, 0, 270336, 0
0.3533210000023246, 0.2847110000438988, 0.25347799994051456, 0, 0, 0
0.32571900030598044, 0.28156999964267015, 0.24805600009858608, 0, 0, 0
0.3273220001719892, 0.28306199982762337, 0.24698799988254905, 0, 0, 0
0.32937700022011995, 0.28108599968254566, 0.24798300024122, 0, 0, 0
0.32824499998241663, 0.3041590000502765, 0.2495940001681447, 0, 0, 0
0.3277030000463128, 0.28198100021108985, 0.24703599978238344, 0, 0, 0
0.32808500016108155, 0.2815159996971488, 0.24478700011968613, 0, 0, 0
0.32092999992892146, 0.2826359998434782, 0.24713000003248453, 0, 0, 0
0.3264859998598695, 0.28532200027257204, 0.2445959998294711, 0, 0, 0
0.32876599999144673, 0.28220599982887506, 0.24611200019717216, 0, 0, 0
0.3205730002373457, 0.2834069998934865, 0.24523899983614683, 0, 0, 0
0.3285289998166263, 0.2951449998654425, 0.2519440003670752, 0, 0, 0
0.34024300007149577, 0.2818849999457598, 0.24681099969893694, 0, 0, 0
0.32516600005328655, 0.33272700011730194, 0.25174300000071526, 0, 0, 0
0.32569599989801645, 0.2810039999894798, 0.24413600005209446, 0, 0, 0
0.32272899989038706, 0.28283900022506714, 0.2533269999548793, 0, 0, 0
0.3252870002761483, 0.2868829998187721, 0.24518699990585446, 0, 0, 0
0.3243619999848306, 0.2794049996882677, 0.2442980003543198, 0, 0, 0
0.32717399997636676, 0.2796020000241697, 0.2468469999730587, 0, 0, 0
0.3239620001986623, 0.2793479999527335, 0.2460829997435212, 0, 0, 0
0.3443190003745258, 0.2822389998473227, 0.2467479999177158, 0, 270336, 0
0.3282280000858009, 0.2849949998781085, 0.2458899999037385, 0, 0, 0
0.32532399985939264, 0.2805039999075234, 0.25434300024062395, 0, 0, 0
0.32380500016734004, 0.2816879996098578, 0.24719900032505393, 0, 0, 0
0.3222819999791682, 0.28217800008133054, 0.24574000015854836, 0, 0, 0
0.3339150003157556, 0.28433999978005886, 0.24678200017660856, 0, 0, 0
0.3261720002628863, 0.284258000086993, 0.2467990000732243, 0, 0, 0
0.32999600004404783, 0.28065000008791685, 0.24726200010627508, 0, 0, 0
0.3245129999704659, 0.2810779996216297, 0.24801200022920966, 0, 0, 0
0.32559300027787685, 0.28507599979639053, 0.25411299988627434, 0, 0, 0
0.32730200001969934, 0.28595099970698357, 0.24817899987101555, 0, 0, 0
0.3240430001169443, 0.28804800007492304, 0.24904599972069263, 0, 0, 0
0.3253419999964535, 0.2791180000640452, 0.2474019997753203, 0, 0, 0
0.3235450000502169, 0.2792279999703169, 0.24507600022479892, 0, 0, 0
0.3265100000426173, 0.27957100002095103, 0.24703200021758676, 0, 0, 0
0.32724000001326203, 0.290525000076741, 0.24428700003772974, 0, 0, 0
0.32440399983897805, 0.3157399999909103, 0.2484369999729097, 0, 0, 0
0.32804799964651465, 0.2816880000755191, 0.24529200000688434, 0, 0, 0
0.32510900031775236, 0.28026199992746115, 0.24625199986621737, 0, 0, 0
0.32826399989426136, 0.2817250001244247, 0.24517000000923872, 0, 0, 0
0.3454040000215173, 0.28231099992990494, 0.2519919998012483, 0, 0, 0
0.32239900017157197, 0.2848249999806285, 0.24767399998381734, 0, 270336, 0
0.32419699989259243, 0.2844930002465844, 0.24591200007125735, 0, 0, 0
0.32515399996191263, 0.2871220000088215, 0.24542100029066205, 0, 0, 0
0.32352300034835935, 0.28215799992904067, 0.24667399981990457, 0, 0, 0
0.32661199988797307, 0.2902549998834729, 0.2487470000050962, 0, 0, 0
0.324263000395149, 0.2816649996675551, 0.2450109999626875, 0, 0, 0
0.3281620000489056, 0.28342700004577637, 0.25465499982237816, 0, 0, 0
0.3433369998820126, 0.28361000027507544, 0.2445640000514686, 0, 0, 0
0.3271659999154508, 0.2786300000734627, 0.24565699975937605, 0, 0, 0
0.33917099982500076, 0.28732299990952015, 0.24749100022017956, 0, 0, 0
0.3262680000625551, 0.2802519998513162, 0.24497100012376904, 0, 0, 0
0.32607199996709824, 0.2807559999637306, 0.24582900013774633, 0, 0, 0
0.32767200004309416, 0.2827229998074472, 0.24601100012660027, 0, 0, 0
0.3261469998396933, 0.28776200022548437, 0.24594899965450168, 0, 0, 0
0.32622400019317865, 0.287775999866426, 0.24464900000020862, 0, 0, 0
0.3256260002963245, 0.2856739996932447, 0.24729400034993887, 0, 0, 0
0.3265920002013445, 0.2821519998833537, 0.24562999978661537, 0, 0, 0
0.32704300014302135, 0.2850660001859069, 0.244524999987334, 0, 0, 0
0.3887140001170337, 0.2854149998165667, 0.2490179999731481, 0, 0, 0
0.3267250000499189, 0.29131399979814887, 0.24678000016137958, 0, 0, 0
0.3253900003619492, 0.2785189999267459, 0.24648999981582165, 0, 0, 0
0.3282030001282692, 0.2803909997455776, 0.24579700035974383, 270336, 0, 0
0.33045300003141165, 0.28551500011235476, 0.24835300026461482, 0, 0, 0
0.32502399990335107, 0.2843300001695752, 0.2450549998320639, 0, 0, 0
0.3265189998783171, 0.2826890000142157, 0.24724700022488832, 0, 0, 0
0.329523999709636, 0.28337600035592914, 0.24511099979281425, 0, 0, 0
0.33242399990558624, 0.2831939999014139, 0.24763800017535686, 0, 0, 0
0.3320720000192523, 0.2806469998322427, 0.2452819999307394, 0, 0, 0
0.3273889999836683, 0.28751099994406104, 0.24731600005179644, 0, 0, 0
0.32544600032269955, 0.28480999963358045, 0.24592300038784742, 0, 0, 0
0.32483999989926815, 0.2853549998253584, 0.24517899984493852, 0, 0, 0
0.3249029996804893, 0.28013100009411573, 0.24957500025629997, 0, 0, 0
0.3262959998100996, 0.2806950001977384, 0.25010199984535575, 0, 0, 0
0.325656000059098, 0.2800309997983277, 0.2516129999421537, 0, 0, 0
0.32927400013431907, 0.2963840002194047, 0.2495089997537434, 0, 0, 0
0.3267689999192953, 0.2881499999202788, 0.24646700033918023, 0, 0, 0
0.32320900028571486, 0.3316199998371303, 0.24618999985978007, 0, 0, 0
0.3257479998283088, 0.28193000005558133, 0.2452659998089075, 0, 0, 0
0.32677899999544024, 0.2807249999605119, 0.24675200041383505, 0, 0, 0
0.3222320000641048, 0.29078999999910593, 0.24650999996811152, 0, 0, 0
0.3250479996204376, 0.27973000006750226, 0.2519090003333986, 0, 0, 0
0.326450000051409, 0.28161599999293685, 0.24459900008514524, 0, 270336, 0
0.3254680000245571, 0.2803369998000562, 0.24411300010979176, 0, 0, 0
0.32859200006350875, 0.27928500017151237, 0.24497499968856573, 0, 0, 0
0.32491800002753735, 0.2813689997419715, 0.24447700008749962, 0, 0, 0
0.3256330001167953, 0.28980799997225404, 0.24749300023540854, 0, 0, 0
0.32374799996614456, 0.28586099995300174, 0.24335499992594123, 0, 0, 0
0.3264709999784827, 0.2829299997538328, 0.24423599988222122, 0, 0, 0
0.32750699995085597, 0.28007000032812357, 0.2468840000219643, 0, 0, 0
0.3211420001462102, 0.2794639999046922, 0.2442060001194477, 0, 0, 0
0.33171800011768937, 0.27980499994009733, 0.24589900020509958, 0, 0, 0
0.32544600032269955, 0.28844500007107854, 2.135675999801606, 0, 0, 811008
0.34518799977377057, 0.297860000282526, 0.25063399970531464, 0, 0, 0
0.32358699990436435, 0.2797590000554919, 0.2445040000602603, 0, 0, 0
0.3255300000309944, 0.279407000169158, 0.24379200022667646, 0, 0, 0
0.32510400004684925, 0.2804680000990629, 0.24633400002494454, 0, 0, 0
0.3241580002941191, 0.27702199993655086, 0.24576500011608005, 0, 0, 0
0.3464049999602139, 0.2809750000014901, 0.24764499999582767, 0, 0, 0
0.3259379998780787, 0.2799840001389384, 0.24508599983528256, 0, 0, 0
0.32206299994140863, 0.2991049997508526, 0.2539510000497103, 0, 0, 0
0.3227690001949668, 0.27986299991607666, 0.24367500003427267, 0, 0, 0
0.32358000008389354, 0.29618600010871887, 0.25051099993288517, 0, 0, 0
0.3235510000959039, 0.2812109999358654, 0.24453900009393692, 0, 0, 0
0.32489100005477667, 0.27931199967861176, 0.24632999999448657, 0, 0, 0
0.3212589998729527, 0.2835079999640584, 0.24557700008153915, 0, 0, 0
0.3253209996037185, 0.2802980002015829, 0.24404100002720952, 0, 0, 0
0.3417209996841848, 0.2818330000154674, 0.2471730001270771, 0, 0, 0
0.3344350000843406, 0.2804100001230836, 0.24367199977859855, 0, 0, 0
0.3238339996896684, 0.2811119998805225, 0.24580800021067262, 0, 0, 0
0.3256209995597601, 0.2790330001153052, 0.2487380001693964, 0, 0, 0
0.3236710000783205, 0.2799650002270937, 0.2510639997199178, 0, 0, 0
0.3285309998318553, 0.2793089998885989, 0.25091399997472763, 0, 0, 0
0.32661599991843104, 0.2797329998575151, 0.2436939999461174, 0, 0, 0
0.32332999957725406, 0.28036299999803305, 0.24448300013318658, 0, 0, 0
0.3229459999129176, 0.2788539999164641, 0.24419300025328994, 0, 0, 0
0.32062199991196394, 0.35802899999544024, 0.24796999990940094, 0, 0, 0
0.3257940001785755, 0.28195299999788404, 0.24402499990537763, 0, 0, 0
0.32465199986472726, 0.27889900002628565, 0.2472490002401173, 0, 0, 0
0.3349700001999736, 0.28428900009021163, 0.24696299992501736, 0, 0, 0
0.32975300028920174, 0.2798929996788502, 0.2532080002129078, 0, 0, 0
0.3458769996650517, 0.29539900040253997, 0.24604499991983175, 0, 0, 0
0.3400920000858605, 0.28970499988645315, 0.24574400018900633, 0, 0, 0
0.3240559999831021, 0.28458500001579523, 0.2562100002542138, 0, 0, 0
0.32949599996209145, 0.29135300032794476, 0.24452099995687604, 0, 0, 0
0.4102000002749264, 0.29121299972757697, 0.24679400026798248, 0, 0, 0
0.3263330003246665, 0.30186299979686737, 0.24789500003680587, 0, 0, 0
0.32812400022521615, 0.2869249996729195, 0.24699999997392297, 0, 0, 0
0.3302469998598099, 0.2812290000729263, 0.24877300020307302, 0, 0, 0
0.32781899999827147, 0.283740000333637, 0.24974399991333485, 0, 0, 0
0.32469099992886186, 0.28413099981844425, 0.24772700015455484, 0, 0, 0
0.3292330000549555, 0.2854309999383986, 0.24534899974241853, 0, 0, 0
0.3275680001825094, 0.28195299999788404, 0.24572800006717443, 0, 0, 0
0.32559499982744455, 0.2819610000588, 0.25117800012230873, 0, 0, 0
0.3290150002576411, 0.2825329997576773, 0.24913599994033575, 0, 0, 0
0.32801200030371547, 0.2815639995969832, 0.24734800029546022, 0, 0, 0
0.323706999886781, 0.2821240001358092, 0.24916200013831258, 0, 0, 0
0.32755699986591935, 0.28498900029808283, 0.24643500009551644, 0, 0, 0
0.3244759999215603, 0.281530000269413, 0.2579210000112653, 0, 0, 0
0.32253099977970123, 0.2865830003283918, 0.2517229998484254, 0, 0, 0
0.32641399977728724, 0.2815550002269447, 0.2449399996548891, 0, 0, 0
0.34560999972745776, 0.2801830000244081, 0.2440059999935329, 0, 0, 0
0.322993999812752, 0.28050999995321035, 0.24624500004574656, 0, 0, 0
0.32631799997761846, 0.35163799999281764, 0.2593700001016259, 0, 0, 0
0.32743600010871887, 0.28623999981209636, 0.24527100007981062, 0, 0, 266240
0.32934499997645617, 0.287062999792397, 0.24498399998992682, 0, 0, 0
0.3311199997551739, 0.2795180003158748, 0.24585399962961674, 0, 0, 0
0.3378730001859367, 0.2819059998728335, 0.25483400002121925, 0, 0, 0
0.3274920000694692, 0.2803389998152852, 0.24602300021797419, 0, 0, 0
0.3267600000835955, 0.2890940001234412, 0.24632899975404143, 0, 0, 0
0.3259029998444021, 0.28689900040626526, 0.24576799990609288, 0, 0, 0
0.32785299979150295, 0.2812140001915395, 0.24510399997234344, 0, 0, 0
0.3246029997244477, 0.2876960001885891, 0.24932800000533462, 0, 0, 0
0.3255590000189841, 0.2884760000742972, 0.24304799968376756, 0, 0, 0
0.3263150001876056, 0.28032199991866946, 0.24684400018304586, 0, 0, 0
0.32568200025707483, 0.28120999969542027, 0.24501700000837445, 0, 0, 0
0.3270930000580847, 0.28749800007790327, 0.24621400004252791, 0, 0, 0
0.35847900016233325, 0.28281900007277727, 0.24806199967861176, 0, 0, 0
0.32392700016498566, 0.2809199998155236, 0.2457110001705587, 0, 0, 0
0.32584299985319376, 0.2817620001733303, 0.2454559998586774, 0, 0, 0
0.3226250000298023, 0.2875769999809563, 0.24645800003781915, 0, 0, 0
0.3245129999704659, 0.2947039999999106, 0.25116500025615096, 0, 0, 0
0.3261169996112585, 0.2828910001553595, 0.24793499987572432, 0, 0, 0
0.32512199971824884, 0.281163000036031, 0.24413400003686547, 0, 0, 0
0.33285099966451526, 0.2818280002102256, 0.24941099993884563, 0, 0, 0
0.3284919997677207, 0.2829120000824332, 0.24709900002926588, 0, 0, 0
0.3326269998215139, 0.28631799994036555, 0.2475560000166297, 270336, 0, 0
0.3242669999599457, 0.30197999998927116, 0.24738100031390786, 0, 0, 0
0.3274280000478029, 0.2809560000896454, 0.245405999943614, 0, 0, 0
0.33308800030499697, 0.2843039999715984, 0.2579029998742044, 0, 0, 0
0.3262939997948706, 0.27894499991089106, 0.2518310002051294, 0, 0, 0
0.3630919996649027, 0.28284600004553795, 0.2672660001553595, 0, 0, 0
0.33389300014823675, 0.287149999756366, 0.24646500032395124, 0, 0, 0
0.3277300000190735, 0.2847730000503361, 0.24565300019457936, 0, 0, 0
0.327846999745816, 0.28044599993154407, 0.2464519999921322, 0, 0, 0
0.3303809999488294, 0.28369300020858645, 0.2504340000450611, 0, 0, 0
0.3273950000293553, 0.2877420000731945, 0.24573199963197112, 0, 0, 0
0.3278129999525845, 0.2869690000079572, 0.2474729996174574, 0, 0, 0
0.3272759998217225, 0.28249299991875887, 0.2446739999577403, 0, 0, 0
0.3286500000394881, 0.28578300029039383, 0.27259999979287386, 0, 0, 0
0.32936999993398786, 0.284597999881953, 0.250817000400275, 0, 0, 0
0.32586600026115775, 0.28734100004658103, 0.24916499992832541, 0, 0, 0
0.3276379997842014, 0.2802340001799166, 0.24558199988678098, 0, 0, 0
0.3285199999809265, 0.28027800004929304, 0.24574699997901917, 0, 0, 0
0.3602030002512038, 0.2843109997920692, 0.24803700018674135, 0, 0, 0
0.32879600021988153, 0.2824619999155402, 0.24622400011867285, 0, 0, 0
0.3306700000539422, 0.29024400003254414, 0.24588599987328053, 0, 270336, 0
0.3253720002248883, 0.2977769998833537, 0.2467829999513924, 0, 0, 0
0.32933499990031123, 0.28344999998807907, 0.26846199994906783, 0, 0, 0
0.32828700030222535, 0.2815669998526573, 0.2501980001106858, 0, 0, 0
0.3266840004362166, 0.2877009999938309, 0.24609499983489513, 0, 0, 0
0.3297870000824332, 0.2837310000322759, 0.24714400013908744, 0, 0, 0
0.3289649998769164, 0.28235699981451035, 0.24552599992603064, 0, 0, 0
0.3319369996897876, 0.2839740002527833, 0.24864199990406632, 0, 0, 0
0.32869500014930964, 0.282670000102371, 0.24769699992612004, 0, 0, 0
0.32664800016209483, 0.27932999981567264, 0.2453740001656115, 0, 0, 0
0.32921200012788177, 0.2834120001643896, 0.24733499996364117, 0, 0, 0
0.3237459999509156, 0.2840960002504289, 0.25264699989929795, 0, 0, 0
0.326276000123471, 0.2840950000099838, 0.25567399989813566, 0, 0, 0
0.32788300001993775, 0.28281799983233213, 0.24717700015753508, 0, 0, 0
0.32701300038024783, 0.2796459998935461, 0.2446920000948012, 0, 0, 0
0.32818600023165345, 0.28230699989944696, 0.2466589999385178, 0, 0, 0
0.32652400014922023, 0.32955999998375773, 0.24998199986293912, 0, 0, 0
0.33176499977707863, 0.28069799998775125, 0.24610499991104007, 0, 0, 0
0.32268999982625246, 0.2837670003063977, 0.24818999972194433, 0, 0, 0
0.32626499980688095, 0.2840100000612438, 0.24618700006976724, 0, 0, 0
0.32468200009316206, 0.2825050000101328, 0.24527100007981062, 0, 0, 0
0.33449199981987476, 0.2863260000012815, 0.2595780002884567, 0, 270336, 0
0.32670600013807416, 0.28928999975323677, 0.2471430003643036, 0, 0, 0
0.33133700024336576, 0.30287199979647994, 0.2531050001271069, 0, 0, 0
0.32835600012913346, 0.2848849999718368, 0.24636199977248907, 0, 0, 0
0.32444100035354495, 0.2918769996613264, 0.25164399994537234, 0, 0, 0
0.3265720000490546, 0.2789389998652041, 0.24549899995326996, 0, 0, 0
0.3281339998356998, 0.28237100038677454, 0.2463559997268021, 0, 0, 0
0.330959000159055, 0.28354799980297685, 0.24566500028595328, 0, 0, 0
0.32574700005352497, 0.28389299986884, 0.24649800034239888, 0, 0, 0
0.33213300025090575, 0.28344699973240495, 0.2464979998767376, 0, 0, 0
0.3244700003415346, 0.2812709999270737, 0.2496279999613762, 0, 0, 0
0.3233679998666048, 0.28258200036361814, 0.24619399989023805, 0, 0, 0
0.3263970003463328, 0.2852409998886287, 0.24739000014960766, 0, 0, 0
0.329969999846071, 0.28704100009053946, 0.24718499975278974, 0, 0, 0
0.32608600007370114, 0.2830150001682341, 0.24668700015172362, 0, 0, 0
0.3259009998291731, 0.28850000025704503, 0.2468309998512268, 0, 0, 0
0.32807599985972047, 0.28381500020623207, 0.24682499980553985, 0, 0, 0
0.32347699999809265, 0.28577200043946505, 0.247596999630332, 0, 0, 0
0.3301880001090467, 0.2823580000549555, 0.24664800008758903, 0, 0, 0
0.3283390002325177, 0.2812160002067685, 0.2479739999398589, 0, 0, 0
0.327779000159353, 0.2847839999012649, 0.24754399992525578, 0, 0, 0
0.33920300006866455, 0.29046700010076165, 0.24983799969777465, 0, 270336, 0
0.32524799974635243, 0.28527599992230535, 0.30730600003153086, 0, 0, 0
0.327609000261873, 0.2834319998510182, 0.24757600016891956, 0, 0, 0
0.3275279998779297, 0.2829430000856519, 0.24769699992612004, 0, 0, 0
0.32640699995681643, 0.2791989999823272, 0.24549000011757016, 0, 0, 0
0.32987499982118607, 0.2874900000169873, 0.24648500001057982, 0, 0, 0
0.33574200002476573, 0.2836179998703301, 0.2476460002362728, 0, 0, 0
0.3273649998009205, 0.28202399984002113, 0.2469780002720654, 0, 0, 0
0.3288429998792708, 0.2796829999424517, 0.24669700022786856, 0, 0, 0
0.3291849996894598, 0.285759000107646, 0.24554899986833334, 0, 0, 0
0.32412000000476837, 0.28141400031745434, 0.25046699959784746, 0, 0, 0
0.32572600012645125, 0.2806899999268353, 0.24533199984580278, 0, 0, 0
0.3257220000959933, 0.2872179998084903, 0.24765399983152747, 0, 0, 0
0.3269730000756681, 0.285308999940753, 0.2445339998230338, 0, 0, 0
0.32941100001335144, 0.2819159999489784, 0.24468699982389808, 0, 0, 0
0.3253689999692142, 0.4255619999021292, 0.24954000022262335, 0, 0, 0
